# Double Metaphone keys, as Lawrence Philips' reference C++ produces them.
#
# One word per line: the word, a tab, then its keys separated by a comma --
# the primary first, and the alternate after it when the spelling is
# ambiguous enough to have one. A word with no Latin letters has no keys and
# is not listed.
#
# Generated by compiling the reference implementation -- the 2000 C/C++ Users
# Journal algorithm, in the widely mirrored `double_metaphone.cc` -- and
# feeding it the list below, which is the words Philips' own rule comments
# name, the transliteration variant groups these lists actually publish, the
# names in spec/fixtures, and every hundredth word of the system dictionary
# for breadth. Regenerating it means compiling that source again; nothing in
# this repository produces these values, which is the point of them.
#
# The implementation was checked against the same reference over all 235,974
# alphabetic words of /usr/share/dict/words and agreed on every one; this
# file is the part of that check a spec can carry.
smith	SM0,XMT
schmidt	XMT,SMT
smyth	SM0,XMT
caesar	SSR
chianti	KNT
michael	MKL,MXL
chore	XR
chorus	KRS
chemistry	KMSTR
charac	KRK
charis	KRS
horowitz	HRTS,HRFX
hymn	HMN
hiatus	HTS
hemlock	HMLK
bacher	PKR
macher	MKR
wachtler	AKTLR,FKTLR
wechsler	AKSLR,FKSLR
tichner	TXNR,TKNR
mchugh	MK
mccarthy	MKR0,MKRT
czerny	SRN,XRN
filipowicz	FLPTS,FLPFX
focaccia	FKX
mcclellan	MKLLN
accident	AKSTNT
accede	AKST
succeed	SKST
bacci	PX
bertucci	PRTX
bellocchio	PLX
bacchus	PKS
edge	AJ
edgar	ATKR
ghislane	JLN
ghiradelli	JRTL
hugh	H
bough	P
broughton	PRTN
laugh	LF
mclaughlin	MKLFLN
cough	KF
gough	KF
rough	RF
tough	TF
cagney	KKN
tagliaro	TKLR,TLR
danger	TNJR,TNKR
ranger	RNJR,RNKR
manger	MNJR,MNKR
biaggi	PJ,PK
yankelovich	ANKLFX,ANKLFK
jankelowicz	JNKLTS,ANKLFX
jose	HS
sanjacinto	SNJSNT
bajador	PJTR,PHTR
bajaj	PJJ,PH
cabrillo	KPRL,KPR
gallegos	KLKS,KKS
dumb	TM
thumb	0M,TM
campbell	KMPL
raspberry	RSPR
rogier	RJ,RJR
hochmeier	HKMR
island	ALNT
isle	AL
carlisle	KRLL
carlysle	KRLL
sugar	XKR,SKR
schermerhorn	XRMRRN,SKRMRRN
schenker	XNKR,SKNKR
school	SKL
schooner	SKNR
schlesinger	XLSNKR,SLSNJR
resnais	RSN,RSNS
artois	ART,ARTS
thomas	TMS
thames	TMS
wasserman	ASRMN,FSRMN
vasserman	FSRMN
arnow	ARN,ARNF
arnoff	ARNF
breaux	PR
zhao	J
xavier	SF,SFR
psalm	SLM
knight	NT
wright	RT
gnome	NM
pneumonia	NMN
uomo	AM
womo	AM,FM
nowak	NK
wojcik	AJSK,FJSK
tchaikovsky	XKFSK
schwarzenegger	XRSNKR,XFRTSNKR
orchestra	ARKSTR
architect	ARKTKT
orchid	ARKT
arch	ARX,ARK
dixon	TKSN
dicksonx	TKSNKS
martha	MR0,MRT
marhta	MRT
dwayne	TN
duane	TN
crate	KRT
trace	TRS
mohammed	MHMT
muhammad	MHMT
mohamad	MHMT
mohamed	MHMT
mahmoud	MMT
yusuf	ASF
yousef	ASF
youssef	ASF
jusuf	JSF,ASF
yosef	ASF
qaddafi	KTF
gaddafi	KTF
kadafi	KTF
qadhafi	KTF
khadafi	KTF
zawahiri	SHR
zawahri	SR
zawahry	SR
nasrallah	NSRL
nasralla	NSRL
nasrulla	NSRL
abdul	APTL
abdel	APTL
abdal	APTL
hussein	HSN
hussain	HSN
husain	HSN
osama	ASM
usama	ASM
sheikh	XK
shaykh	XK
shaikh	XK
abbas	APS
abu	AP
al	AL
zaydan	STN
aerocaribbean	ARKRPN
aero	AR
caribbean	KRPN
airlines	ARLNS
artavia	ARTF
ever	AFR
given	JFN,KFN
munoz	MNS
hermanos	HRMNS
ep	AP
iba	AP
tang	TNK
chris	KRS
ping	PNK
keung	KNK
teir	TR
tair	TR
tayr	TR
mahmud	MMT
zahhar	SR
zahar	SHR
khaled	KLT
gazprom	KSPRM
gazprombank	KSPRMPNK,KTSPRMPNK
neft	NFT
rosneft	RSNFT
trading	TRTNK
kunlun	KNLN
bank	PNK
melli	ML
china	XN
telecom	TLKM
corporation	KRPRXN
limited	LMTT
central	SNTRL
russian	RSN
federation	FTRXN
putin	PTN
vladimir	FLTMR
vladimirovich	FLTMRFX,FLTMRFK
qusay	KS
saddam	STM
badege	PTJ,PTK
eric	ARK
bosco	PSK
taganda	TKNT
ntaganda	NTKNT
ntagenda	NTJNT,NTKNT
terminator	TRMNTR
lydia	LT
amir	AMR
said	ST
rahman	RMN
qurashi	KRX
hajji	HJ
abdallah	APTL
qardash	KRTX
mawla	ML
mula	ML
ustadh	ASTT
ahmad	AMT
kim	KM
jong	JNK,ANK
un	AN
yong	ANK
chol	XL
choe	X
song	SNK
sergei	SRJ,SRK
viktorovich	FKTRFX,FKTRFK
lavrov	LFRF
saif	SF
islam	ALM
ladin	LTN
awad	AT
bin	PN
a	A
abettal	APTL
ablation	APLXN
abortiveness	APRTFNS
absconder	APSKNTR
abstractional	APSTRKXNL
academite	AKTMT
acaridomatium	AKRTMTM
accessibly	AKSSPL
accordantly	AKRTNTL
aceanthrene	ASN0RN,ASNTRN
acetify	ASTF
acetylsalicylate	ASTLSLSLT
achroglobin	AKRKLPN
acidyl	ASTL
acolous	AKLS
acraeinae	AKRN
acrodermatitis	AKRTRMTTS
acrostichal	AKRSTXL,AKRSTKL
actinology	AKTNLJ,AKTNLK
actuarian	AKTRN
adamellite	ATMLT
addlement	ATLMNT
adenographic	ATNKRFK
adiabatically	ATPTKL
adjudgeable	ATJJPL
admittedly	ATMTTL
adossed	ATST
adulterine	ATLTRN
advisability	ATFSPLT
aegyptilla	AJPTL,AKPT
aerocharidae	ARXRT,ARKRT
aeroporotomy	ARPRTM
affect	AFKT
affreight	AFRT
afterbrain	AFTRPRN
afterroll	AFTRL
agamogenetic	AKMJNTK,AKMKNTK
agentship	AJNTXP,AKNTXP
agistor	AJSTR,AKSTR
agone	AKN
agrobiologist	AKRPLJST,AKRPLKST
ahrendahronon	ARNTRNN
aircraftwoman	ARKRFTMN
ajutment	AJTMNT
alackaday	ALKT
albarium	ALPRM
albuminometer	ALPMNMTR
alcor	ALKR
alectryomancy	ALKTRMNS
aleyrodidae	ALRTT
algometrically	ALKMTRKL
alimentotherapy	ALMNT0RP,ALMNTTRP
alkapton	ALKPTN
allelic	ALLK
allocinnamic	ALSNMK
allothogenic	AL0JNK,ALTKNK
almightily	ALMTL
alonso	ALNS
alsinaceae	ALSNS
altitudinal	ALTTTNL
alveoloclasia	ALFLKLS,ALFLKLX
amarantite	AMRNTT
ambery	AMPR
ambrosiaceae	AMPRSS,AMPRXS
amerceable	AMRSPL
amidocaffeine	AMTKFN
amissness	AMSNS
amnioallantoic	AMNLNTK
amour	AMR
amphicyon	AMFSN
amphistylar	AMFSTLR
amsonia	AMSN
amyloid	AMLT
anacephalize	ANSFLS
anaglyphics	ANKLFKS
analyser	ANLSR
anaplerosis	ANPLRSS
anathematism	AN0MTSM,ANTMTSM
anchoretism	ANXRTSM,ANKRTSM
andre	ANTR
anecdotic	ANKTTK
aneurismally	ANRSML
angiofibroma	ANJFPRM,ANKFPRM
anglicanize	ANKLKNS,ANLKNS
angustiseptal	ANKSTSPTL
animalian	ANMLN
anisomerous	ANSMRS
annalistic	ANLSTK
annularity	ANLRT
anomoeanism	ANMNSM
anounou	ANN
ante	ANT
antenniferous	ANTNFRS
anthelion	AN0LN,ANTLN
anthospermum	AN0SPRMM,ANTSPRMM
anthropogeography	AN0RPJKRF,ANTRPKKRF
anthrylene	AN0RLN,ANTRLN
antic	ANTK
anticonscription	ANTKNSKPXN
antiedemic	ANTTMK
antiguan	ANTKN
antimalaria	ANTMLR
antinephritic	ANTNFRTK
antipersonnel	ANTPRSNL
antipruritic	ANTPRRTK
antiscale	ANTSKL
antisudorific	ANTSTRFK
antivenin	ANTFNN
anus	ANS
aparthrosis	APR0RSS,APRTRSS
aphelops	AFLPS
apiales	APLS
apneic	APNK
apograph	APKRF
aporetic	APRTK
apotropaic	APTRPK
appendorontgenography	APNTRNTJNKRF,APNTRNTKNKRF
apport	APRT
approvedness	APRFTNS
apyrous	APRS
arabinic	ARPNK
aranyaka	ARNK
arbuscula	ARPSKL
archchronicler	ARXXRNKLR,ARKKRNKLR
archfool	ARXFL,ARKFL
archispermae	ARXSPRM,ARKSPRM
archprelatical	ARXPRLTKL,ARKPRLTKL
arctosis	ARKTSS
areolate	ARLT
argo	ARK
arillated	ARLTT
arles	ARLS
arnold	ARNLT
arretine	ARTN
arsenobenzene	ARSNPNSN
arteriopressor	ARTRPRSR
arthropterous	AR0RPTRS,ARTRPTRS
artotype	ARTTP
ascaridae	ASKRT
ascophorous	ASKFRS
ashrafi	AXRF
aspectual	ASPKTL
asplenieae	ASPLN
assertorily	ASRTRL
associationism	ASSXNSM,ASXXNSM
asterales	ASTRLS
astraddle	ASTRTL
astronomy	ASTRNM
atafter	ATFTR
athematic	A0MTK,ATMTK
atlantides	ATLNTTS
atop	ATP
attachment	ATKMNT
attitudinizer	ATTTNSR
audile	ATL
aulophyte	ALFT
auriform	ARFRM
australorp	ASTRLRP
autoanticomplement	ATNTKMPLMNT
autodiagnosis	ATTNSS,ATTKNSS
autoist	ATST
autophotoelectric	ATFTLKTRK
autosuggestibility	ATSKSTPLT
auxoamylase	AKSMLS
averruncation	AFRNKXN
avondbloem	AFNTPLM
awiwi	A
axonal	AKSNL
azocyclic	ASSKLK
azygospore	ASKSPR
babuism	PPSM
bacilligenic	PSLJNK,PSLKNK
backslapping	PKSLPNK
bacterioidal	PKTRTL
badminton	PTMNTN
bahmani	PMN
bakerly	PKRL
balao	PL
balladmonger	PLTMNKR,PLTMNJR
balonea	PLN
bananist	PNNST
bangia	PNJ,PNK
banty	PNT
barbet	PRPT
bargelike	PRJLK,PRKLK
barogram	PRKRM
barrier	PR,PRR
basaree	PSR
basilica	PSLK
bassaris	PSRS
bathochromy	P0KRM,PTKRM
batta	PT
bawdry	PTR
beady	PT
bearwort	PRRT
bebed	PPT
becoresh	PKRX
bedirt	PTRT
beechdrops	PXTRPS,PKTRPS
befancy	PFNS
beggarlike	PKRLK
behaviored	PHFRT
belam	PLM
belleric	PLRK
beltene	PLTN
benamidar	PNMTR
benightmare	PNTMR
benzdioxazine	PNSTKSSN
benzylidene	PNSLTN
bereaven	PRFN
berserker	PRSRKR
beshawled	PXLT
bespell	PSPL
beswelter	PSLTR
betted	PTT
bewildering	PLTRNK
biacromial	PKRML
bibliopegist	PPLPJST,PPLPKST
biconcave	PKNKF
biferous	PFRS
bigwigged	PKKT
bilithon	PL0N,PLTN
bimaxillary	PMKSLR
binucleated	PNKLTT
bionomy	PNM
bipeltate	PPLTT
birdy	PRT
bisexualism	PSKSLSM
bitable	PTPL
bivariant	PFRNT
blackit	PLKT
blancmange	PLNKMNJ,PLNKMNK
blastomycotic	PLSTMKTK
bleaty	PLT
blepharoncus	PLFRNKS
blistery	PLSTR
bloodletting	PLTLTNK
blowings	PLNKS
bluism	PLSM
boatful	PTFL
bodge	PJ
bogydom	PJTM,PKTM
bologna	PLN,PLKN
bon	PN
bonny	PN
bookwards	PKRTS
borable	PRPL
borofluohydric	PRFLHTRK
bossing	PSNK
bottekin	PTKN
boundly	PNTL
boweryish	PRX
brabanter	PRPNTR
brachyglossal	PRKKLSL
bradyphagia	PRTFJ,PRTFK
brainsickly	PRNSKL
branded	PRNTT
braver	PRFR
breakover	PRKFR
breithauptite	PR0PTT,PRTPTT
brickhood	PRKT
brierwood	PRRT
brissotine	PRSTN
brockage	PRKJ,PRKK
bromlite	PRMLT
bronchorrhea	PRNXR,PRNKR
brosimum	PRSMM
brumal	PRML
bryology	PRLJ,PRLK
bucked	PKT
budmash	PTMX
bulbilis	PLPLS
bullheadedly	PLTTL
bumpiness	PMPNS
buoyancy	PNS
burgus	PRKS
burseed	PRST
bustler	PSTLR
butterweed	PTRT
byeman	PMN
cabalism	KPLSM
cachet	KXT,KKT
cacostomia	KKSTM
caducary	KTKR
cagily	KJL,KKL
calamariaceae	KLMRS
calcifuge	KLSFJ,KLSFK
calfhood	KLFT
calliophone	KLFN
calotypic	KLTPK
calyptrate	KLPTRT
cameration	KMRXN
camphoronic	KMFRNK
canari	KNR
candleshine	KNTLXN
cannabinol	KNPNL
cantar	KNTR
capaciously	KPSSL,KPXSL
capitolian	KPTLN
capromys	KPRMS
carabus	KRPS
carbinyl	KRPNL
carburize	KRPRS
cardinalist	KRTNLST
cardooer	KRTR
cariniform	KRNFRM
carniferrin	KRNFRN
carphiophiops	KRFFPS
carrousel	KRSL
carwitchet	KRXT
cashgirl	KXJRL,KXKRL
castanospermum	KSTNSPRMM
catachrestic	KTKRSTK
cataphasia	KTFS,KTFX
cate	KT
cathead	K0T,KTT
catoptrics	KTPTRKS
cauliculus	KLKLS
cavae	KF
cebian	SPN
celeomorphic	SLMRFK
cellulated	SLLTT
cenotaph	SNTF
centistere	SNTSTR
centurial	SNTRL
cephalopodous	SFLPTS
ceratopteridaceae	SRTPTRTS
cerebromeningitis	SRPRMNNJTS,SRPRMNNKTS
cerris	SRS
cessavit	SSFT
chacte	XKT
chaiseless	XSLS
chalkstony	XLKSTN
chamomilla	XMML,XMM
channeler	XNLR
characeous	KRSS
charlatanship	XRLTNXP
chasteweed	XSTT
chayaroot	XRT
cheerfulness	XRFLNS
chello	XL
chemurgy	KMRJ,KMRK
chevesaile	XFSL
chicot	XKT
chilicothe	XLK0,XLKT
chincha	XNX,XNK
chirognomy	XRNM,XRKNM
chitinous	XTNS
chlorion	KLRN
chloryl	KLRL
cholecystocolostomy	XLSSTKLSTM
cholterheaded	XLTRTT
chondrotomy	XNTRTM
chorioepithelioma	KRP0LM,KRPTLM
chreotechnics	KRTKNKS
chromatin	KRMTN
chromolithographer	KRML0KRFR,KRMLTKRFR
chronometer	KRNMTR
chrysophilist	KRSFLST
churchanity	XRXNT,XRKNT
chymic	KMK
cigar	SKR
cine	SN
cippus	SPS
circumesophagal	SRKMSFKL
circumstantial	SRKMSTNXL
cisterna	SSTRN
civetone	SFTN
clam	KLM
clarifiant	KLRFNT
claudicant	KLTKNT
clayweed	KLT
clematis	KLMTS
clifflet	KLFLT
clinohumite	KLNHMT
cloakmaker	KLKMKR
closefistedness	KLSFSTTNS
clownship	KLNXP
clypeastridea	KLPSTRT
coadjuvant	KTJFNT
coapprentice	KPRNTS
cobblerless	KPLRLS
coccogonium	KKKNM
cockeye	KK
coctoprecipitin	KKTPRSPTN
coelanaglyphic	KLNKLFK
coenobe	KNP
cofeature	KFTR
cognomination	KNMNXN,KKNMNXN
coindicant	KNTKNT
cole	KL
collare	KLR
collier	KL,KLR
collybia	KLP
colorature	KLRTR
colubriformia	KLPRFRM
combatively	KMPTFL
comforting	KMFRTNK
commensalistic	KMNSLSTK
commoditable	KMTTPL
comose	KMS
compendiously	KMPNTSL
complexively	KMPLKSFL
comprehense	KMPRHNS
conacaste	KNKST
concerted	KNSRTT
conclusiveness	KNKLSFNS
condensable	KNTNSPL
conduplication	KNTPLKXN
confessionist	KNFSNST
conformate	KNFRMT
conglutinative	KNKLTNTF
coniroster	KNRSTR
connectival	KNKTFL
consciencewise	KNSNSS
consideratively	KNSTRTFL
conspirative	KNSPRTF
consubstantial	KNSPSTNXL
contemperate	KNTMPRT
contingentness	KNTNJNTNS,KNTNKNTNS
contradictiously	KNTRTKTSL
contravindication	KNTRFNTKXN
convect	KNFKT
conveyer	KNFR
cookroom	KKRM
copelate	KPLT
coprincipal	KPRNSPL
coracial	KRSL,KRXL
corder	KRTR
corgi	KRJ,KRK
cornettist	KRNTST
coronership	KRNRXP
correctively	KRKTFL
corruption	KRPXN
corydon	KRTN
cosmogenetic	KSMJNTK,KSMKNTK
costing	KSTNK
cotingidae	KTNJT,KTNKT
couchancy	KXNS,KKNS
counterargue	KNTRRK
counterentry	KNTRNTR
countermount	KNTRMNT
counterreligion	KNTRLJN,KNTRLKN
countertrippant	KNTRTRPNT
courtcraft	KRTKRFT
covertness	KFRTNS
coxalgia	KKSLJ,KKSLK
crackling	KRKLNK
craniad	KRNT
crapulous	KRPLS
crazy	KRS
creditably	KRTTPL
creole	KRL
cretinize	KRTNS
crimpness	KRMPNS
criterium	KRTRM
croneberry	KRNPR
crosslet	KRSLT
crowbill	KRPL
crumbliness	KRMPLNS
cryesthesia	KRS0S,KRSTX
cryptographically	KRPTKRFKL
crystallose	KRSTLS
cubmaster	KPMSTR
cuittikin	KTKN
culverfoot	KLFRFT
cuneiformist	KNFRMST
curacao	KRK
curlily	KRLL
curucucu	KRKK
custody	KSTT
cyanate	SNT
cyathus	S0S,STS
cyclonometer	SKLNMTR
cylindrella	SLNTRL
cynias	SNS
cyprinoidean	SPRNTN
cystoepiplocele	SSTPPLSL
cytogenic	STJNK,STKNK
dabbler	TPLR
dactylosymphysis	TKTLSMFSS
daidle	TTL
damara	TMR
danceress	TNSRS
danziger	TNSJR,TNSKR
darned	TRNT
dasyus	TSS
dawdle	TTL
deadheadism	TTTSM
deash	TX
debonaire	TPNR
decanically	TKNKL
decembrist	TSMPRST
deciliter	TSLTR
decoct	TKKT
decreement	TKRMNT
deditician	TTTSN,TTTXN
defeasibility	TFSPLT
define	TFN
defrock	TFRK
dehonestation	THNSTXN
dejecture	TJKTR
delicious	TLSS,TLXS
delsartean	TLSRTN
demethylate	TM0LT,TMTLT
demioctangular	TMKTNKLR
demographer	TMKRFR
demulcent	TMLSNT
dene	TN
dentatocillitate	TNTTSLTT
deontological	TNTLJKL,TNTLKKL
dephosphorize	TFSFRS
deprecation	TPRKXN
derby	TRP
dermatomuscular	TRMTMSKLR
dern	TRN
deseret	TSRT
desistance	TSSTNS
despect	TSPKT
desubstantiate	TSPSTNXT
determinism	TTRMNSM
deuteroglobulose	TTRKLPLS
deviled	TFLT
dew	T,TF
dha	T
diacope	TKP
dialing	TLNK
dianoetically	TNTKL
diaspora	TSPR
dib	TP
dichotomically	TXTMKL,TKTMKL
dictyogen	TKTJN,TKTKN
didymium	TTMM
diffidently	TFTNTL
digitinervate	TJTNRFT,TKTNRFT
dikaryon	TKRN
dilutedness	TLTTNS
dimple	TMPL
dinotherian	TN0RN,TNTRN
diotocardia	TTKRT
diplocephalous	TPLSFLS
dipole	TPL
dirgelike	TRJLK,TRKLK
disanimal	TSNML
disburden	TSPRTN
discoblastic	TSKPLSTK
disconsolateness	TSKNSLTNS
discrepate	TSKPT
disembitter	TSMPTR
disfigure	TSFKR
dishexecontahedroid	TXKSKNTHTRT
disintegratory	TSNTKRTR
dismemberer	TSMMPRR
dispel	TSPL
disponent	TSPNNT
disquietude	TSKTT
disseminule	TSMNL
dissolving	TSLFNK
distinguishably	TSTNKXPL
disulphonic	TSLFNK
diuranate	TRNT
dividingly	TFTNKL
dob	TP
documentarily	TKMNTRL
dogdom	TKTM
dolcino	TLSN
dolorousness	TLRSNS
donatee	TNT
doormaid	TRMT
dorsalmost	TRSLMST
dossman	TSMN
doughboy	TP
downfallen	TNFLN
doxy	TKS
dragonfish	TRKNFX
draughtswoman	TRFTSMN
dreamtide	TRMTT
drillman	TRLMN
drool	TRL
drum	TRM
dualmutef	TLMTF
dudine	TTN
dully	TL
dunkard	TNKRT
duplicidentate	TPLSTNTT
dustuck	TSTK
dynamism	TNMSM
dysgraphia	TSKRF
eaglelike	AKLLK
earwig	ARK
ebullition	APLXN
echinid	AXNT,AKNT
ecole	AKL
ectoenzyme	AKTNSM
edaphosaurus	ATFSRS
edriophthalmatous	ATRF0LMTS,ATRFTLMTS
effeminateness	AFMNTNS
eggcup	AKKP
eidolon	ATLN
elaeococca	ALKK
elbowy	ALP
electrocardiographic	ALKTRKRTKRFK
electrolytical	ALKTRLTKL
electrostatic	ALKTRSTTK
elenchic	ALNXK,ALNKK
elide	ALT
elohistic	ALHSTK
elytrorrhaphy	ALTRRF
embiggen	AMPKN
embreathe	AMPR0,AMPRT
emersion	AMRSN,AMRXN
empall	AMPL
empurple	AMPRPL
enantiomeride	ANNTMRT
encephalorrhagia	ANSFLRJ,ANSFLRK
encore	ANKR
endbrain	ANTPRN
endocrinologist	ANTKRNLJST,ANTKRNLKST
endophytous	ANTFTS
endothermous	ANT0RMS,ANTTRMS
enflesh	ANFLX
engold	ANKLT
enigmatist	ANKMTST
enneastyle	ANSTL
ensand	ANSNT
entangle	ANTNKL
enteropexia	ANTRPKS
entocoele	ANTKL
entozoa	ANTS
envier	ANF,ANFR
epagomenic	APKMNK
ephemerist	AFMRST
epicleidian	APKLTN
epididymectomy	APTTMKTM
epileptically	APLPTKL
epiplasmic	APPLSMK
epistemophilia	APSTMFL
epitheton	AP0TN,APTTN
epulotic	APLTK
equilibria	AKLPR
equitriangular	AKTRNKLR
eremurus	ARMRS
eridanid	ARTNT
erpetoichthys	ARPTK0S,ARPTKTS
erythematous	AR0MTS,ARTMTS
escalin	ASKLN
esocataphoria	ASKTFR
esquamulose	ASKMLS
esthesiography	AS0SKRF,ASTXKRF
ethane	A0N,ATN
ethnical	A0NKL,ATNKL
etruscology	ATRSKLJ,ATRSKLK
eucryphiaceae	AKRFS
eulogistically	ALJSTKL,ALKSTKL
euphoniously	AFNSL
euryhaline	ARHLN
evacuant	AFKNT
evenhandedly	AFNNTTL
evilmouthed	AFLM0T,AFLMTT
exalbuminose	AKSLPMNS
excel	AKSL
exclamation	AKSLMXN
excurvature	AKSRFTR
exequial	AKSKL
exiguity	AKSKT
exogenic	AKSJNK,AKSKNK
exotheca	AKS0K,AKSTK
expendability	AKSPNTPLT
expletory	AKSPLTR
expressionful	AKSPRSNFL
extant	AKSTNT
extinguish	AKSTNKX
extraequilibrium	AKSTRKLPRM
extrascriptural	AKSTRSKPTRL
extrusion	AKSTRSN,AKSTRXN
eyesight	AST
facia	FS,FX
fadeaway	FT
fairly	FRL
fallenness	FLNS
fanbearer	FNPRR
faradmeter	FRTMTR
farseer	FRSR
fastigium	FSTJM,FSTKM
faucal	FKL
fay	F
febricide	FPRST
feeze	FS
felsobanyite	FLSPNT
fenite	FNT
fernlike	FRNLK
fertile	FRTL
fetor	FTR
fibrillar	FPRLR
fibrosis	FPRSS
fidepromission	FTPRMSN
fighter	FTR
filibeg	FLPK
filterer	FLTRR
fingerlet	FNKRLT,FNJRLT
firebrat	FRPRT
fise	FS
fissurella	FSRL
fixedly	FKSTL
flagrantly	FLKRNTL
flapdragon	FLPTRKN
flavaniline	FLFNLN
fleeciness	FLSNS
flighted	FLTT
floatless	FLTLS
floralia	FLRL
flounder	FLNTR
fluidity	FLTT
fluorotype	FLRTP
flyboy	FLP
fogman	FKMN
folkvangr	FLKFNKR
foot	FT
foraminated	FRMNTT
foreadvertise	FRTFRTS
forediscern	FRTSRN
forellenstein	FRLNSTN
foresaddle	FRSTL
foresweat	FRST
forgetness	FRKTNS
formel	FRML
forrue	FR
forworden	FRRTN
foundery	FNTR
foxtailed	FKSTLT
frampler	FRMPLR
fraternally	FRTRNL
freeholding	FRHLTNK
frequentative	FRKNTTF
friendliness	FRNTLNS
frisure	FRSR
frondivorous	FRNTFRS
frownful	FRNFL
frustrate	FRSTRT
fulgently	FLJNTL,FLKNTL
fumatory	FMTR
fungic	FNJK,FNKK
furiant	FRNT
fuscohyaline	FSKHLN
gabardine	KPRTN
gaffle	KFL
galactophorous	KLKTFRS
galidia	KLT
gallivanter	KLFNTR
galvanoscope	KLFNSKP
gaminess	KMNS
gangliocyte	KNKLST,KNLST
garavance	KRFNS
garnetwork	KRNTRK
gasolineless	KSLNLS
gastrodialysis	KSTRTLSS
gastropulmonic	KSTRPLMNK
gauger	KKR,KJR
gazangabin	KSNKPN
geikia	KK,JK
gematria	JMTR,KMTR
generalissima	JNRLSM,KNRLSM
genipa	JNP,KNP
gentlepeople	JNTLPPL,KNTLPPL
geognostical	JNSTKL,KKNSTKL
geopolar	JPLR,KPLR
gerberia	KRPR,JRPR
geromorphism	KRMRFSM,JRMRFSM
geta	KT
ghoul	KL
gigantic	JKNTK,KKNTK
gillotype	KLTP,JLTP
gio	J,K
gizz	JS,KS
glamorously	KLMRSL
glaucophane	KLKFN
glimmerous	KLMRS,LMRS
glockenspiel	KLKNSPL
glossoepiglottidean	KLSPKLTTN
glucofrangulin	KLKFRNKLN
gluttonousness	KLTNSNS
glyptic	KLPTK
gnomologic	NMLJK,NMLKK
gobinist	KPNST
gogga	KK
goliardic	KLRTK
gonidiferous	KNTFRS
goodness	KTNS
gorgeable	KRJPL,KRKPL
gossoon	KSN
gowked	KKT
graduator	KRTTR
gramophone	KRMFN
granivorous	KRNFRS
graphitoidal	KRFTTL
gratifiedly	KRTFTL
grayling	KRLNK
greenhew	KRN,KRNF
grenelle	KRNL
grimness	KRMNS
grizzle	KRSL
grothite	KR0T,KRTT
growthless	KR0LS,KRTLS
gruntling	KRNTLNK
guarded	KRTT
guerdoner	KRTNR
guillevat	KLFT
gumdigging	KMTKNK
gunter	KNTR
guttera	KTR
gymnoblastea	KMNPLST,JMNPLST
gynecomania	KNKMN,JNKMN
gyrencephalous	KRNSFLS,JRNSFLS
habitacle	HPTKL
haec	HK
hagiocracy	HJKRS,HKKRS
hairwork	HRRK
haliplidae	HLPLT
haloxene	HLKSN
hammeringly	HMRNKL
handkercher	HNTKRXR,HNTKRKR
hannibal	HNPL
harangueful	HRNKFL
haricot	HRKT
harpoon	HRPN
hassium	HSM
hauberget	HPRKT
hawfinch	HFNX,HFNK
headchair	HTXR,HTKR
healthfully	HL0FL,HLTFL
heartwise	HRTS
hebephrenia	HPFRN
hedgeberry	HJPR
heii	H
heliocentrical	HLSNTRKL
helladotherium	HLT0RM,HLTTRM
helonin	HLNN
hematite	HMTT
hemautographic	HMTKRFK
hemidrachm	HMTRKM
hemiprism	HMPRSM
hemodynamic	HMTNMK
hemotoxin	HMTKSN
hepaticologist	HPTKLJST,HPTKLKST
heptameter	HPTMTR
herbartianism	HRPRXNSM
herero	HRR
hernandia	HRNNT
hersed	HRST
heterocarpous	HTRKRPS
heterogenist	HTRJNST,HTRKNST
heterophasia	HTRFS,HTRFX
heterotropia	HTRTRP
hexagynia	HKSKN,HKSJN
hexicological	HKSKLJKL,HKSKLKKL
hideosity	HTST
higglery	HKLR
himantopus	HMNTPS
hippidium	HPTM
hippuritoid	HPRTT
histodiagnosis	HSTTNSS,HSTTKNSS
histrionicism	HSTRNSSM
hobnailed	HPNLT
hoistman	HSTMN
holoblastically	HLPLSTKL
holosomatous	HLSMTS
homeoblastic	HMPLSTK
hominy	HMN
homoerotism	HMRTSM
homopetalous	HMPTLS
honeybee	HNP
hoofiness	HFNS
hoplocephalus	HPLSFLS
hornfels	HRNFLS
horsedom	HRSTM
hospitalize	HSPTLS
hourful	HRFL
how	H,HF
hudibrastically	HTPRSTKL
humanitary	HMNTR
hummie	HM
huntable	HNTPL
hushedly	HXTL
hyaloiditis	HLTTS
hydrargyric	HTRRJRK,HTRRKRK
hydroceramic	HTRSRMK
hydrogode	HTRKT
hydroperiod	HTRPRT
hydroselenuret	HTRSLNRT
hyetography	HTKRF
hylotheism	HL0SM,HLTSM
hyoplastral	HPLSTRL
hyperbrachycranial	HPRPRKKRNL
hyperequatorial	HPRKTRL
hypermetron	HPRMTRN
hyperplatyrrhine	HPRPLTRN
hypertoxic	HPRTKSK
hypnotize	HPNTS
hypocrize	HPKRS
hypomnematic	HPMNMTK
hyporhachidian	HPRXTN,HPRKTN
hypothyroidism	HP0RTSM,HPTRTSM
hyracodontoid	HRKTNTT
iambi	AMP
iceman	ASMN
ichthyopsidan	AK0PSTN,AKTPSTN
icterogenic	AKTRJNK,AKTRKNK
idiochromosome	ATKRMSM
idocrase	ATKRS
ignitor	AKNTR,ANTR
iliocostalis	ALKSTLS
illiteracy	ALTRS
illyric	ALRK
imbricative	AMPRKTF
immediatism	AMTTSM
immortality	AMRTLT
imparidigitate	AMPRTJTT,AMPRTKTT
impedingly	AMPTNKL
imperishability	AMPRXPLT
impingement	AMPNJMNT,AMPNKMNT
imponderableness	AMPNTRPLNS
imprecise	AMPRSS
improperly	AMPRPRL
inability	ANPLT
inanimately	ANNMTL
inauthoritative	AN0RTTF,ANTRTTF
incendiarism	ANSNTRSM
inclinatorium	ANKLNTRM
incompassionately	ANKMPSNTL
inconnected	ANKNKTT
incorporated	ANKRPRTT
incrustment	ANKRSTMNT
indecently	ANTSNTL
indentment	ANTNTMNT
indictably	ANTKTPL
indiscrimination	ANTSKMNXN
indoline	ANTLN
indusiated	ANTSTT,ANTXTT
inenergetic	ANNRKTK
inexclusive	ANKSLSF
infall	ANFL
infernalry	ANFRNLR
inflammatorily	ANFLMTRL
infraclusion	ANFRKLSN,ANFRKLXN
infructuous	ANFRKTS
ingram	ANKRM
inhomogeneous	ANMJNS,ANMKNS
inket	ANKT
innocuousness	ANKSNS
inopinate	ANPNT
inreality	ANRLT
insecurely	ANSKRL
insistingly	ANSSTNKL
instability	ANSTPLT
instrumentally	ANSTRMNTL
insurrectionize	ANSRKXNS
intemperable	ANTMPRPL
interantennal	ANTRNTNL
interchapter	ANTRXPTR,ANTRKPTR
intercotylar	ANTRKTLR
interfenestral	ANTRFNSTRL
interinsurer	ANTRNSRR
interlocular	ANTRLKLR
intermissive	ANTRMSF
interosculation	ANTRSKLXN
interpretership	ANTRPRTRXP
intersalute	ANTRSLT
intertalk	ANTRTLK
intervertebra	ANTRFRTPR
intolerating	ANTLRTNK
intraglandular	ANTRKLNTLR
intraplant	ANTRPLNT
introducee	ANTRTS
intuitionless	ANTXNLS
invectiveness	ANFKTFNS
invigilator	ANFJLTR,ANFKLTR
inwale	ANL
ionization	ANSXN
iridemia	ARTM
ironheaded	ARNTT
irrecusably	ARKSPL
irreparableness	ARPRPLNS
irreversibly	ARFRSPL
isatogen	ASTJN,ASTKN
islandman	ALNTMN
isochlorophyll	ASKLRFL
isogenotype	ASJNTP,ASKNTP
isomorphism	ASMRFSM
isosmotic	ASSMTK
issue	AS
iterativeness	ATRTFNS
jabberment	JPRMNT,APRMNT
jacobitic	JKPTK,AKPTK
jalalaean	JLLN,ALLN
japanicize	JPNSS,APNSS
jaspered	JSPRT,ASPRT
jeany	JN,AN
jeopardously	JPRTSL,APRTSL
jetted	JTT,ATT
jimberjawed	JMPRJT,AMPRJT
joblessness	JPLSNS,APLSNS
jointage	JNTJ,ANTK
josephinism	JSFNSM,HSFNSM
joyfulness	JFLNS,AFLNS
judo	JT,AT
jumelle	JML,AML
jurator	JRTR,ARTR
juvenescent	JFNSNT,AFNSNT
kailyardism	KLRTSM
kamansi	KMNS
karaka	KRK
kashruth	KXR0,KXRT
kavass	KFS
kehillah	KHL
kent	KNT
kerf	KRF
ketu	KT
khidmatgar	KTMTKR
kikki	KK
kincob	KNKP
kingpiece	KNKPS
kismet	KSMT
klanism	KLNSM
kneeling	NLNK
knopite	NPT
kodashim	KTXM
kommos	KMS
kory	KR
kristian	KRSXN
kumiss	KMS
kynurenic	KNRNK
laborious	LPRS
lacertiloid	LSRTLT
lactamide	LKTMT
ladderlike	LTRLK
laglast	LKLST
lamaic	LMK
lamester	LMSTR
lampwick	LMPK
landman	LNTMN
lanista	LNST
lapel	LPL
lardon	LRTN
laryngismal	LRNJSML,LRNKSML
latcher	LXR
laticiferous	LTSFRS
laudatory	LTTR
lavatory	LFTR
layman	LMN
leaguelong	LKLNK
leatman	LTMN
ledgerdom	LJRTM
leggy	LK
leipoa	LP
lengthsome	LNK0SM,LNKTSM
leopardess	LPRTS
leprosarium	LPRSRM
lepus	LPS
leu	L
leucoplast	LKPLST
levoduction	LFTKXN
libelluloid	LPLLT
lichenin	LXNN,LKNN
lieutenantship	LTNNTXP
lightship	LTXP
lillianite	LLNT
limitedly	LMTTL
lina	LN
linguale	LNKL
linteled	LNTLT
lipoidic	LPTK
liroconite	LRKNT
lithectomy	L0KTM,LTKTM
lithophyllous	L0FLS,LTFLS
liturgiological	LTRJLJKL,LTRKLKKL
loading	LTNK
lobularia	LPLR
locomotive	LKMTF
loge	LJ,LK
loir	LR
longhand	LNKNT
loosener	LSNR
lordwood	LRTT
louie	L
lowell	LL
lucanidae	LKNT
luddism	LTSM
lumberjack	LMRJK
lung	LNK
lusatian	LSXN
lutidine	LTTN
lyencephala	LNSFL
lymphosporidiosis	LMFSPRTSS
lythraceous	L0RSS,LTRSS
machinability	MXNPLT,MKNPLT
macrochiroptera	MKRXRPTR,MKRKRPTR
macropterous	MKRPTRS
madderish	MTRX
mafic	MFK
magnesial	MNSL,MKNXL
magot	MKT
mailbox	MLPKS
makable	MKPL
malalignment	MLLNMNT,MLLKNMNT
malefactory	MLFKTR
malleation	MLXN
maltster	MLTSTR
management	MNJMNT,MNKMNT
mandolute	MNTLT
mangy	MNK,MNJ
mann	MN
mantel	MNTL
manweed	MNT
marbleheader	MRPLHTR
margarodes	MRKRTS
mariupolite	MRPLT
marplot	MRPLT
marsupian	MRSPN
mascagnine	MSKNN,MSKKNN
masseteric	MSTRK
mastodonsaurus	MSTTNSRS
matehood	MTHT
matrimonial	MTRMNL
mauler	MLR
maycock	MKK
meadower	MTR
meaty	MT
median	MTN
mediocre	MTKR
meeter	MTR
megalopolis	MKLPLS
megrez	MKRS
melanochroi	MLNKR
melicerta	MLSRT
melodiously	MLTSL
membraniform	MMPRNFRM
mending	MNTNK
menostasis	MNSTSS
mephistopheleanly	MFSTFLNL
mercyproof	MRSPRF
merocrystalline	MRKRSTLN
mesameboid	MSMPT
mesmerite	MSMRT
mesomyodous	MSMTS
mesosuchian	MSSKN
metabola	MTPL
metalanguage	MTLNKJ,MTLNKK
metamorphosical	MTMRFSKL
metapostscutellar	MTPSTSKTLR
metazoa	MTS
methionine	M0NN,MTNN
metranate	MTRNT
metrotherapy	MTR0RP,MTRTRP
micher	MXR,MKR
microchemically	MKRXMKL,MKRKMKL
microfossil	MKRFSL
micrometrically	MKRMTRKL
micropteryx	MKRPTRKS
microthorax	MKR0RKS,MKRTRKS
midmorn	MTMRN
mikasuki	MKSK
milksopping	MLKSPNK
millioctave	MLKTF
mimiambi	MMMP
mineralogize	MNRLJS,MNRLKS
minnesinger	MNSNKR,MNSNJR
miracidium	MRSTM
misanswer	MSNSR
miscegenation	MSJNXN,MSKNXN
miscue	MSK
misexecution	MSKSKXN
misintelligence	MSNTLJNS,MSNTLKNS
misogynous	MSJNS,MSKNS
misreckon	MSRKN
mistakably	MSTKPL
miswish	MSX
mixite	MKST
mobocrat	MPKRT
modify	MTF
moilingly	MLNKL
molinary	MLNR
molybdonosus	MLPTNSS
monarchize	MNRXS,MNRKS
mongler	MNKLR
monoacetin	MNSTN
monocondyla	MNKNTL
monogenic	MNJNK,MNKNK
mononeural	MNNRL
monoprionid	MNPRNT
monotelephonic	MNTLFNK
monstrate	MNSTRT
moodishly	MTXL
moorpan	MRPN
morbiferal	MRPFRL
morisonian	MRSNN
morphographist	MRFKRFST
morule	MRL
motatorious	MTTRS
motricity	MTRST
mouselet	MSLT
mozarabic	MSRPK
mucro	MKR
muggy	MK
mulloid	MLT
multifurcate	MLTFRKT
multipliable	MLTPLPL
multivalency	MLTFLNS
municipium	MNSPM
murmi	MRM
musculation	MSKLXN
muskat	MSKT
mutarotation	MTRTXN
myall	ML
mydriatic	MTRTK
mykiss	MKS
myoneure	MNR
myriare	MRR
myrsinaceae	MRSNS
mythoheroic	M0HRK,MTHRK
myxospongiae	MKSSPNJ,MKSSPNK
nagana	NKN
nakhod	NKT
napaean	NPN
narcoleptic	NRKLPTK
nasethmoid	NS0MT,NSTMT
natchbone	NXPN
naumannite	NMNT
nayword	NRT
necessar	NSSR
necrotomist	NKRTMST
neeze	NS
neighbor	NPR
nemoceran	NMSRN
neopagan	NPKN
nephelometry	NFLMTR
nephrotoxic	NFRTKSK
nesotragus	NSTRKS
neurapophyseal	NRPFSL
neuroglia	NRKL,NRL
neuropterology	NRPTRLJ,NRPTRLK
nevyanskite	NFNSKT
nibbed	NPT
nid	NT
nightflit	NTFLT
nimmer	NMR
nisqualli	NSKL
nitrostarch	NTRSTRX,NTRSTRK
noctiluca	NKTLK
noiseless	NSLS
nomothetical	NM0TKL,NMTTKL
nonagrarian	NNKRRN
nonassault	NNSLT
nonbursting	NNPRSTNK
nonclotting	NNKLTNK
nonconcurrent	NNKNKRNT
noncontinental	NNKNTNNTL
nondangerous	NNTNKRS,NNTNJRS
nondetention	NNTTNXN
nondoctrinal	NNTKTRNL
nonentitative	NNNTTTF
nonexpendable	NNKSPNTPL
nonflammable	NNFLMPL
nonguard	NNKRT
noninductivity	NNNTKTFT
nonknowledge	NNKNLJ
nonmetallic	NNMTLK
nonobjection	NNPJKXN
nonpayment	NNPMNT
nonpraedial	NNPRTL
nonpulsating	NNPLSTNK
nonreigning	NNRNNK,NNRKNNK
nonreturnable	NNRTRNPL
nonseditious	NNSTTS
nonspalling	NNSPLNK
nonsummons	NNSMNS
nontraction	NNTRKXN
nonvariation	NNFRXN
nooking	NKNK
nornorwest	NRNRST
nosogenesis	NSJNSS,NSKNSS
notekin	NTKN
notostraca	NTSTRK
novendial	NFNTL
nucleoalbumin	NKLLPMN
nullipore	NLPR
nuncioship	NNSXP,NNXXP
nutritionally	NTRXNL
nymphosis	NMFSS
obdiplostemonous	APTPLSTMNS
objurgation	APJRKXN
obomegoid	APMKT
obstetric	APSTTRK
obvertend	APFRTNT
occupational	AKPXNL
ocreate	AKRT
octocorallia	AKTKRL
oculigerous	AKLJRS,AKLKRS
odontitis	ATNTTS
ods	ATS
offcome	AFKM
ofttime	AFTM
oint	ANT
oleograph	ALKRF
oligopetalous	ALKPTLS
oltonde	ALTNT
omnibenevolence	AMNPNFLNS
omnivoracious	AMNFRSS,AMNFRXS
one	AN
onomatopoesy	ANMTPS
oocyst	ASST
ootocous	ATKS
operculated	APRKLTT
ophthalmiac	AF0LMK,AFTLMK
opinionate	APNNT
opposit	APST
optimistic	APTMSTK
orate	ART
orchestre	ARKSTR
oreamnos	ARMNS
organonomy	ARKNNM
originalness	ARJNLNS,ARKNLNS
ornitholitic	ARN0LTK,ARNTLTK
orpharion	ARFRN
orthodoxally	AR0TKSL,ARTTKSL
orthopteron	AR0PTRN,ARTPTRN
osazone	ASSN
osmin	ASMN
ossivorous	ASFRS
osteoglossum	ASTKLSM
ostracion	ASTRSN,ASTRXN
otiatry	AXTR
ottawa	AT
outblowing	ATPLNK
outdated	ATTT
outglad	ATKLT
outlined	ATLNT
outprodigy	ATPRTJ,ATPRTK
outshake	ATXK
outstood	ATSTT
outwash	ATX
ovatoacuminate	AFTKMNT
overattentively	AFRTNTFL
overbrightness	AFRPRTNS
overcivil	AFRSFL
overcourtesy	AFRKRTS
overdevotedly	AFRTFTTL
overembellish	AFRMPLX
overfelon	AFRFLN
overgeniality	AFRJNLT,AFRKNLT
overhearty	AFRRT
overinvestment	AFRNFSTMNT
overlightly	AFRLTL
overmodest	AFRMTST
overpessimistic	AFRPSMSTK
overprotraction	AFRPRTRKXN
overrigid	AFRJT,AFRKT
oversensitively	AFRSNSTFL
oversoon	AFRSN
overstudied	AFRSTTT
overthwartways	AFR0RTS,AFRTRTS
overweather	AFR0R,AFRTR
ovillus	AFLS
owly	AL
oxidational	AKSTXNL
oxygenate	AKSJNT,AKSKNT
oxyuricide	AKSRST
pachons	PKNS
package	PKJ,PKK
paedotrophy	PTTRF
painfully	PNFL
palaeobiogeography	PLPJKRF,PLPKKRF
palaeophytologist	PLFTLJST,PLFTLKST
palatinal	PLTNL
paleocrystalline	PLKRSTLN
palestinian	PLSTNN
pallesthesia	PLS0S,PSTX
palmitic	PLMTK
palulus	PLLS
panayano	PNN
pandermite	PNTRMT
panhyperemia	PNPRM
panoram	PNRM
pantanemone	PNTNMN
pantomimus	PNTMMS
paperboard	PPRPRT
papuliferous	PPLFRS
parachromatism	PRKRMTSM
paradoxidian	PRTKSTN
parakeratosis	PRKRTSS
parameron	PRMRN
paraphonic	PRFNK
parasitoidism	PRSTTSM
paratypically	PRTPKL
parentalism	PRNTLSM
parish	PRX
parochialism	PRKLSM
paroxysmalist	PRKSSMLST
parthenocarpic	PR0NKRPK,PRTNKRPK
partridgeberry	PRTRJPR
passbook	PSPK
pasteurize	PSTRS
patellaroid	PTLRT
pathologicopsychological	P0LJKPSXLJKL,PTLKKPSKLKKL
patriot	PTRT
pauciarticulate	PSRTKLT,PXRTKLT
paver	PFR
peaceably	PSPL
peasantize	PSNTS
pectiniferous	PKTNFRS
pedatiform	PTTFRM
pedipalpal	PTPLPL
peevedness	PFTNS
pelecanidae	PLKNT
pelotherapy	PL0RP,PLTRP
penciller	PNSLR
penitentes	PNTNTS
pension	PNSN,PNXN
pentalobate	PNTLPT
penthemimeral	PN0MMRL,PNTMMRL
pepperidge	PPRJ
perceiver	PRSFR
perdricide	PRTRST
perforable	PRFRPL
peribronchiolitis	PRPRNXLTS,PRPRNKLTS
periderm	PRTRM
perilous	PRLS
perioptometry	PRPTMTR
periproctous	PRPRKTS
peristethium	PRST0M,PRSTTM
periwinkle	PRNKL
permutation	PRMTXN
perpetuance	PRPTNS
persistingly	PRSSTNKL
perthiocyanate	PR0SNT,PRTSNT
pervicacity	PRFKST
petaly	PTL
petrinize	PTRNS
petzite	PTST
phaeophore	FFR
phalarism	FLRSM
phantasy	FNTS
pharyngismus	FRNJSMS,FRNKSMS
phasmidae	FSMT
phenoplast	FNPLST
philatelistic	FLTLSTK
philologian	FLLJN,FLLKN
philozoist	FLSST
phloeoterma	FLTRM
pholiota	FLT
phora	FR
phosphorographic	FSFRKRFK
photodermatic	FTTRMTK
photolitho	FTL0,FTLT
photorelief	FTRLF
phragmocyttares	FRKMSTRS
phryma	FRM
phylephebic	FLFPK
phyllostomous	FLSTMS
physicomental	FSKMNTL
physophore	FSFR
phytophaga	FTFK
piarhemic	PRMK
pickman	PKMN
pictureful	PKTRFL
pierinae	PRN
pignon	PNN,PKNN
pilidium	PLTM
pilumnus	PLMNS
pinching	PNXNK,PNKNK
pinkertonism	PNKRTNSM
pinta	PNT
pipper	PPR
piscinity	PSNT
pitchstone	PXSTN
pityrogramma	PTRKRM
plaga	PLK
planaridan	PLNRTN
planky	PLNK
plasmatorrhexis	PLSMTRKSS
platanista	PLTNST
platosammine	PLTSMN
platystencephalic	PLTSTNSFLK
pleasance	PLSNS
pleiomerous	PLMRS
plerotic	PLRTK
pleuronema	PLRNM
plinthless	PLN0LS,PLNTLS
plowwright	PLRT
plumiformly	PLMFRML
plurinominal	PLRNMNL
pneomanometer	NMNMTR
pococurante	PKKRNT
podophthalmous	PTF0LMS,PTFTLMS
poetomachia	PTMK
poisonmaker	PSNMKR
polemize	PLMS
pollable	PLPL
poltroonish	PLTRNX
polychasium	PLXSM,PLKSM
polyergus	PLRKS
polyhalide	PLHLT
polymyoid	PLMT
polyphaser	PLFSR
polypsychical	PLPSXKL,PLPSKKL
polysymmetrical	PLSMTRKL
pomarine	PMRN
ponderling	PNTRLNK
poof	PF
poppycockish	PPKKX
porkery	PRKR
porry	PR
portray	PRTR
possessively	PSSFL
postcommissure	PSTKMSR
postface	PSTFS
postmandibular	PSTMNTPLR
postpose	PSTPS
postural	PSTRL
potentness	PTNTNS
poulterer	PLTRR
prabhu	PRP
pragmatical	PRKMTKL
pratiyasamutpada	PRTSMTPT
preaction	PRKXN
preallied	PRLT
prebendary	PRPNTR
precelebration	PRSLPRXN
precisionize	PRSSNS,PRSXNS
precompoundly	PRKMPNTL
preconsonantal	PRKNSNNTL
precrystalline	PRKRSTLN
predeliberate	PRTLPRT
predetest	PRTTST
prediscreet	PRTSKT
preduplication	PRTPLKXN
prefixation	PRFKSXN
pregrade	PRKRT
preimbue	PRMP
preinsula	PRNSL
prelature	PRLTR
premaxilla	PRMKSL,PRMKS
premourn	PRMRN
preoccupier	PRKP,PRKPR
prepeople	PRPPL
preprovision	PRPRFSN,PRPRFXN
prerepresentation	PRRPRSNTXN
presbyterium	PRSPTRM
presession	PRSSN
pressurage	PRSRJ,PRSRK
presumptious	PRSMPTS
pretenseless	PRTNSLS
pretransport	PRTRNSPRT
previdence	PRFTNS
pricket	PRKT
primero	PRMR
principalness	PRNSPLNS
pristane	PRSTN
proarctic	PRRKTK
probouleutic	PRPLTK
procidentia	PRSTNX
procreator	PRKRTR
procyoniformia	PRSNFRM
proenforcement	PRNFRSMNT
profiteering	PRFTRNK
progress	PRKRS
prolectite	PRLKTT
promarriage	PRMRJ,PRMRK
promuscidate	PRMSTT
propagandize	PRPKNTS
propinquant	PRPNKNT
proprietorial	PRPRTRL
prorevolutionist	PRRFLXNST
prosiliently	PRSLNTL
prostatism	PRSTTSM
proteanly	PRTNL
protestantishly	PRTSTNTXL
protocitizen	PRTSTSN
protomeritic	PRTMRTK
protosilicon	PRTSLKN
protrusively	PRTRSFL
provinculum	PRFNKLM
prudishness	PRTXNS
psammolithic	SML0K,SMLTK
pseudoanthorine	STN0RN,STNTRN
pseudocotyledonal	STKTLTNL
pseudohermaphroditism	STHRMFRTTSM
pseudomucin	STMSN
pseudopurpurin	STPRPRN
pseudotetramerous	STTTRMRS
psorophthalmic	SRF0LMK,SRFTLMK
psychoid	SXT,SKT
psychostatic	SXSTTK,SKSTTK
pterodactylic	PTRTKTLK
ptinid	PTNT
pucellas	PSLS
puffing	PFNK
pulldrive	PLTRF
pulsific	PLSFK
puncticulose	PNKTKLS
punnology	PNLJ,PNLK
purchase	PRXS,PRKS
purposive	PRPSF
pushpin	PXPN
puzzle	PSL
pygmyweed	PKMT
pyosepticemic	PSPTSMK
pyretolysis	PRTLSS
pyrography	PRKRF
pyrotechnically	PRTKNKL
pythonical	P0NKL,PTNKL
quadriannulate	KTRNLT
quadriphyllous	KTRFLS
quaintish	KNTX
quarenden	KRNTN
quaternity	KTRNT
quell	KL
quibble	KPL
quinaielt	KNLT
quinovic	KNFK
quintette	KNTT
quixotry	KKSTR
rabbinic	RPNK
rachiglossate	RXKLST,RKKLST
radiateness	RTTNS
radiolite	RTLT
raffaelesque	RFLSK
railer	RLR
rale	RL
ramnes	RMNS
randan	RNTN
rapaceus	RPSS
rasa	RS
ratheripe	R0RP,RTRP
rattly	RTL
raylet	RLT
readableness	RTPLNS
reallegation	RLKXN
rearm	RRM
reattribution	RTRPXN
rebestowal	RPSTL
reburgeon	RPRJN,RPRKN
receiptable	RSPTPL
recidivism	RSTFSM
recoat	RKT
recompose	RKMPS
reconstitute	RKNSTTT
recreance	RKRNS
rectococcygeal	RKTKKJL,RKTKKKL
redarn	RTRN
redemptorial	RTMPTRL
redisseizin	RTSSN
reduced	RTST
reesty	RST
reflectibility	RFLKTPLT
reformulate	RFRMLT
refusive	RFSF
region	RJN,RKN
reguide	RKT
reichspfennig	RKSPFNK
reinducement	RNTSMNT
reintroduction	RNTRTKXN
relade	RLT
reliant	RLNT
reluctivity	RLKTFT
remicle	RMKL
remora	RMR
renewability	RNPLT
reobscure	RPSKR
repasture	RPSTR
rephotograph	RFTKRF
reportorially	RPRTRL
repristination	RPRSTNXN
republicanization	RPPLKNSXN
requotation	RKTXN
reseda	RST
reside	RST
resistlessly	RSSTLSL
respectableness	RSPKTPLNS
restep	RSTP
restudy	RSTT
reswarm	RSRM
rethink	R0NK,RTNK
retiral	RTRL
retrial	RTRL
retromastoid	RTRMSTT
reune	RN
revenuer	RFNR
revigoration	RFKRXN
revolve	RFLF
rhabdom	RPTM
rhematic	RMTK
rhinoceros	RNSRS
rhizome	RSM
rhombenporphyr	RMPNPRFR
rhyotaxitic	RTKSTK
ricciaceous	RXSS
ridgel	RJL
rightward	RTRT
ringbird	RNKPRT
riposte	RPST
rivalless	RFLS
roan	RN
rocker	RKR
roentgenology	RNTJNLJ,RNTKNLK
romagnese	RMNS,RMKNS
ronald	RNLT
rooted	RTT
rose	RS
rostrulate	RSTRLT
roue	R
roundwood	RNTT
roxie	RKS
rublis	RPLS
rufescence	RFSNS
rumble	RMPL
runghead	RNKT
rusk	RSK
ruther	R0R,RTR
sabbatia	SPX
saccharephidrosis	SXRFTRSS
sacerdocy	SSRTS
sacrococcyx	SKRKKKS
safe	SF
saguran	SKRN
sakha	SK
salient	SLNT
saloonkeeper	SLNKPR
saltmouth	SLTM0,SLTMT
samaritan	SMRTN
sanand	SNNT
sandnecker	SNTNKR
sanious	SNS
sapiential	SPNXL
sapwort	SPRT
sarcophagine	SRKFJN,SRKFKN
saronic	SRNK
sateless	STLS
saturnian	STRNN
sauropterygian	SRPTRJN,SRPTRKN
sawed	ST
scabies	SKPS
scallion	SKLN
scape	SKP
scarfed	SKRFT
scavengership	SKFNKRXP,SKFNJRXP
schellingian	XLNKN
schizaxon	XSKSN
schochet	XKT
schoolward	SKLRT,SKLFRT
scimitared	SMTRT
sciurine	SRN
sclerosis	SKRSS
scolopendrellidae	SKLPNTRLT
score	SKR
scotopia	SKTP
scrambly	SKMPL
screek	SKK
scrimshander	SKMXNTR
scrooch	SKK
scudi	SKT
scutage	SKTJ,SKTK
scyphophorous	SFFRS
seamer	SMR
seba	SP
secretariat	SKRTRT
sedate	STT
seeker	SKR
seirospore	SRSPR
selectivity	SLKTFT
sellout	SLT
semianimal	SMNML
semicircle	SMSRKL
semicupium	SMKPM
semiexposed	SMKSPST
semihistorical	SMHSTRKL
seminaked	SMNKT
semipapist	SMPPST
semiramize	SMRMS
semisocinian	SMSSNN
semitrimmed	SMTRMT
senecio	SNS,SNX
sensitometer	SNSTMTR
separatistic	SPRTSTK
septenous	SPTNS
sequence	SKNS
serf	SRF
sermo	SRM
serpari	SRPR
serrulation	SRLXN
sesquinonal	SSKNNL
settledness	STLTNS
sexdigitate	SKSTJTT,SKSTKTT
shab	XP
shaglet	XKLT
shaman	XMN
shaper	XPR
shave	XF
sheeny	XN
shelfmate	XLFMT
sherifa	XRF
shikimic	XKMK
shipmate	XPMT
shoalness	XLNS
shopbreaking	XPRKNK
shotbush	XTPX
shree	XR
shuba	XP
sialosemeiology	SLSMLJ,XLSMLK
sickness	SKNS
sidhe	ST
sigillaroid	SJLRT,SKLRT
sihasapa	SHSP
silicomethane	SLKM0N,SLKMTN
silurus	SLRS
similitude	SMLTT
sinae	SN
singsong	SNKSNK
sinopia	SNP
siphonognathus	SFNN0S,SFNKNTS
sirree	SR
situated	STTT
skat	SKT
skerry	SKR
skimmer	SKMR
skiverwood	SKFRT
slack	SLK,XLK
slateful	SLTFL,XLTFL
sleb	SLP,XLP
slich	SLX,XLK
slipperflower	SLPRFLR,XLPRFLR
slopeways	SLPS,XLPS
sluer	SLR,XLR
smackingly	SMKNKL,XMKNKL
smeltman	SMLTMN,XMLTMN
smokelessness	SMKLSNS,XMKLSNS
smuttily	SMTL,XMTL
snapsack	SNPSK,XNPSK
snickle	SNKL,XNKL
snook	SNK,XNK
snozzle	SNSL,XNSL
soarer	SRR
sociologistic	SSLJSTK,SXLKSTK
softball	SFTPL
solatia	SLX
soler	SLR
solivagous	SLFKS
somatognosis	SMTNSS,SMTKNSS
somnific	SMNFK
sonnetist	SNTST
sophomoric	SFMRK
sorghum	SRKM
sotie	ST
sourish	SRX
sowbacked	SPKT
spald	SPLT
sparkish	SPRKX
spatangoidea	SPTNKT
specchie	SPX
spectroelectric	SPKTRLKTRK
speen	SPN
spermatoblast	SPRMTPLST
sphacelariaceous	SFSLRSS
sphenoethmoidal	SFN0MTL,SFNTMTL
sphingosine	SFNKSN
spiderwork	SPTRRK
spindly	SPNTL
spiny	SPN
spiritualize	SPRTLS
splachnum	SPLKNM
splendourproof	SPLNTRPRF
splitter	SPLTR
spondylopathy	SPNTLP0,SPNTLPT
spoom	SPM
sporophore	SPRFR
sprachle	SPRKL
springlike	SPRNKLK
spuriously	SPRSL
squama	SKM
squat	SKT
squidge	SKJ
sruti	SRT
stagehand	STJHNT,STKHNT
stakemaster	STKMSTR
stampless	STMPLS
staphyline	STFLN
starlite	STRLT
stateway	STT
staving	STFNK
steatornithidae	STTRN0T,STTRNTT
stegodon	STKTN
stenocephalous	STNSFLS
stepnephew	STPNF,STPNFF
stereometrically	STRMTRKL
sterneber	STRNPR
stewardess	STRTS
stiffness	STFNS
stimulogenous	STMLJNS,STMLKNS
stirra	STR
stoff	STF
stomatopathy	STMTP0,STMTPT
stook	STK
storybook	STRPK
strag	STRK
strangury	STRNKR
strawsmall	STRSML
streperous	STRPRS
stridelegs	STRTLKS
striolet	STRLT
stronglike	STRNKLK
strumiform	STRMFRM
studiedness	STTTNS
stupor	STPR
styloid	STLT
subact	SPKT
subaud	SPT
subchorionic	SPXRNK,SPKRNK
subcranial	SPKRNL
subdivecious	SPTFSS,SPTFXS
suberose	SPRS
subhalide	SPLT
subjectability	SPJKTPLT
sublimer	SPLMR
submontanely	SPMNTNL
subpanel	SPPNL
subputation	SPPTXN
subsect	SPSKT
substalagmitic	SPSTLKMTK
subtend	SPTNT
subtropics	SPTRPKS
subworker	SPRKR
suchlike	SKLK
sufferableness	SFRPLNS
suggestionism	SKSXNSM
sulfanilamide	SLFNLMT
sulker	SLKR
sulphocarbolic	SLFKRPLK
sulphurea	SLFR
summerite	SMRT
sundri	SNTR
superably	SPRPL
superbenevolent	SPRPNFLNT
supercorporation	SPRKRPRXN
superespecial	SPRSPSL,SPRSPXL
superfuse	SPRFS
superinformal	SPRNFRML
supernalize	SPRNLS
superponderance	SPRPNTRNS
supersensibly	SPRSNSPL
supersulphureted	SPRSLFRTT
suppering	SPRNK
suppurate	SPRT
supraoesophageal	SPRSFJL,SPRSFKL
surdation	SRTXN
surplice	SRPLS
susceptibly	SSPTPL
suther	S0R,STR
swallow	SL,XLF
swatch	SX,XX
sweetmeat	STMT,XTMT
swiney	SN,XN
swordlet	SRTLT,XRTLT
syllabled	SLPLT
symbological	SMPLJKL,SMPLKKL
symphyseotomy	SMFSTM
synaptene	SNPTN
syncoelom	SNKLM
synedrium	SNTRM
synopses	SNPSS
synusiast	SNSST,SNXST
systemizable	SSTMSPL
tablemaker	TPLMKR
tachygraphical	TKKRFKL
tadpolehood	TTPLHT
tahseeldar	TSLTR
taivert	TFRT
talipomanus	TLPMNS
talpid	TLPT
tammanyism	TMNSM
tangibly	TNJPL,TNKPL
tanstuff	TNSTF
tapet	TPT
tarantulidae	TRNTLT
tarman	TRMN
tartar	TRTR
tass	TS
tatusiidae	TTST
tautoousian	TTSN,TTXN
taximeter	TKSMTR
tead	TT
teatman	TTMN
tecuna	TKN
tehuelchean	THLXN,THLKN
telekinetic	TLKNTK
teleradiophone	TLRTFN
tellinacean	TLNSN
temp	TMP
temptableness	TMPTPLNS
tendrilly	TNTRL
tenovaginitis	TNFJNTS,TNFKNTS
tenuously	TNSL
terebinthinous	TRPN0NS,TRPNTNS
terminological	TRMNLJKL,TRMNLKKL
terrestrial	TRSTRL
tessara	TSR
testudinated	TSTTNTT
tetractine	TTRKTN
tetrammine	TTRMN
tetrasubstituted	TTRSPSTTTT
teutophobism	TTFPSM
thalesian	0LSN,TLXN
tharfcake	0RFKK,TRFKK
theb	0P,TP
thelytonic	0LTNK,TLTNK
theologicoastronomical	0LJKSTRNMKL,TLKKSTRNMKL
theoriai	0R,TR
therethrough	0R0R,TRTR
thermoelectric	0RMLKTRK,TRMLKTRK
thermosystaltic	0RMSSTLTK,TRMSSTLTK
thianthrene	0N0RN,TNTRN
thing	0NK,TNK
thionium	0NM,TNM
thlinget	0LNKT,TLNKT
thoria	0R,TR
thrapple	0RPL,TRPL
thriftlessly	0RFTLSL,TRFTLSL
through	0R,TR
thunderball	0NTRPL,TNTRPL
thy	0,T
thyrogenic	0RJNK,TRKNK
tic	TK
tidyism	TTSM
tilaite	TLT
timbery	TMPR
tincal	TNKL
tinnock	TNK
tiptoe	TPT
titanolatry	TTNLTR
titubancy	TTPNS
tobogganeer	TPKNR
tohome	THM
toltec	TLTK
tomtit	TMTT
tonometry	TNMTR
toothplate	T0PLT,TTPLT
topolatry	TPLTR
tormentative	TRMNTTF
torsile	TRSL
toshly	TXL
touchhole	TKL
toweringly	TRNKL
toxicopathic	TKSKP0K,TKSKPTK
trabeculation	TRPKLXN
trachycarpus	TRKKRPS
traditionalize	TRTXNLS
trailmaker	TRLMKR
trance	TRNS
transcriptive	TRNSKPTF
transhuman	TRNXMN
transmissibility	TRNSMSPLT
transplendently	TRNSPLNTNTL
transverbate	TRNSFRPT
traulism	TRLSM
treasureless	TRSRLS
tremblor	TRMPLR
trespasser	TRSPSR
trianon	TRNN
tributarily	TRPTRL
trichodesmium	TRXTSMM,TRKTSMM
trickily	TRKL
tridecylic	TRTSLK
triggerless	TRKRLS
trilamellated	TRLMLTT
trimethylmethane	TRM0LM0N,TRMTLMTN
trioctile	TRKTL
triphyline	TRFLN
tripyrenous	TRPRNS
trisubstitution	TRSPSTTXN
triturium	TRTRM
trochili	TRXL,TRKL
trolly	TRL
trophosomal	TRFSML
troupand	TRPNT
trueness	TRNS
truster	TRSTR
tsadik	TSTK
tuberculate	TPRKLT
tuboovarial	TPFRL
tuftlet	TFTLT
tump	TMP
tunnelmaker	TNLMKR
turbomachine	TRPMXN,TRPMKN
turkman	TRKMN
turpid	TRPT
tutelage	TTLJ,TTLK
tweag	TK
twinhood	TNT
tychoparthenogenesis	TXPR0NJNSS,TKPRTNKNSS
typhaceous	TFSS
typoscript	TPSKPT
ubbonite	APNT
ulcer	ALSR
ultra	ALTR
ultramicrochemistry	ALTRMKRXMSTR,ALTRMKRKMSTR
ultrawise	ALTRS
umbrellaed	AMPRLT
unaccessibility	ANXSPLT
unactually	ANKTL
unadvisedness	ANTFSTNS
unallegorical	ANLKRKL
unancient	ANNSNT,ANNXNT
unappointable	ANPNTPL
unarriving	ANRFNK
unatoning	ANTNNK
unavouched	ANFXT,ANFKT
unbaste	ANPST
unbeliefful	ANPLFL
unbiased	ANPST
unblush	ANPLX
unbragged	ANPRKT
unbuffered	ANPFRT
uncandied	ANKNTT
uncauterized	ANKTRST
uncharge	ANXRJ,ANKRK
unchronologically	ANXRNLJKL,ANKRNLKKL
uncleanable	ANKLNPL
uncoaxable	ANKKSPL
uncommended	ANKMNTT
uncompoundedness	ANKMPNTTNS
unconfederated	ANKNFTRTT
unconsent	ANKNSNT
uncontentingness	ANKNTNTNNS,ANKNTNTNKNS
uncoop	ANKP
uncous	ANKS
uncrowded	ANKRTT
undabbled	ANTPLT
undeciman	ANTSMN
undeformedness	ANTFRMTNS
undephlegmated	ANTFLKMTT
underbright	ANTRPRT
undercroft	ANTRKRFT
underflooring	ANTRFLRNK
underhorsed	ANTRRST
undermentioned	ANTRMNXNT
underpriest	ANTRPRST
underseedman	ANTRSTMN
understanding	ANTRSTNTNK
undertruss	ANTRTRS
undesign	ANTSN,ANTSKN
undifferenced	ANTFRNST
undisconnected	ANTSKNKTT
undisproving	ANTSPRFNK
undivinable	ANTFNPL
undrawn	ANTRN
uneager	ANKR,ANJR
unelectrified	ANLKTRFT
unenchanted	ANNXNTT,ANNKNTT
unenterprisingly	ANNTRPRSNKL
unerudite	ANRTT
unexaminable	ANKSMNPL
unexonerable	ANKSNRPL
unextenuable	ANKSTNPL
unfalteringly	ANFLTRNKL
unfeelingness	ANFLNNS,ANFLNKNS
unfile	ANFL
unflexed	ANFLKST
unfordableness	ANFRTPLNS
unfoundedness	ANFNTTNS
unfruitful	ANFRTFL
ungarter	ANKRTR
ungka	ANKK
ungradually	ANKRTL
unguent	ANKNT
unhandcuff	ANNTKF
unhealthsome	ANL0SM,ANLTSM
unhissed	ANST
unhumble	ANMPL
unicolor	ANKLR
uniformness	ANFRMNS
unimmolated	ANMLTT
unimputed	ANMPTT
uninfluentiality	ANNFLNXLT
uninsulate	ANNSLT
unintrigued	ANNTRKT
uniquely	ANKL
univalent	ANFLNT
unjudiciously	ANJTSSL,ANJTXSL
unknownly	ANKNNL
unlearning	ANLRNNK
unline	ANLN
unlousy	ANLS
unmanacle	ANMNKL
unmatrimonial	ANMTRMNL
unmerchantable	ANMRXNTPL,ANMRKNTPL
unmiry	ANMR
unmonopolizing	ANMNPLSNK
unmusted	ANMSTT
unnervous	ANRFS
unobligingness	ANPLJNNS,ANPLKNKNS
unopen	ANPN
unoutlawed	ANTLT
unparallelable	ANPRLLPL
unpatrolled	ANPTRLT
unperilous	ANPRLS
unphysicked	ANFSKT
unplayful	ANPLFL
unpolymerized	ANPLMRST
unpredicable	ANPRTKPL
unpreventible	ANPRFNTPL
unprohibitive	ANPRHPTF
unprovably	ANPRFPL
unput	ANPT
unrailed	ANRLT
unrebuttable	ANRPTPL
unreeled	ANRLT
unrelaxing	ANRLKSNK
unrepealed	ANRPLT
unreserve	ANRSRF
unreturnable	ANRTRNPL
unrightful	ANRTFL
unrouted	ANRTT
unsaintly	ANSNTL
unsatyrlike	ANSTRLK
unscratchingly	ANSKXNKL
unseemliness	ANSMLNS
unseveredness	ANSFRTNS
unshiftiness	ANXFTNS
unsignalized	ANSNLST,ANSKNLST
unslashed	ANSLXT
unsnuffed	ANSNFT
unsorting	ANSRTNK
unspissated	ANSPSTT
unstainedly	ANSTNTL
unstintingly	ANSTNTNKL
unstuffed	ANSTFT
unsufficed	ANSFST
unsurmised	ANSRMST
unsymbolically	ANSMPLKL
untartarized	ANTRTRST
unterminating	ANTRMNTNK
unthronged	AN0RNJT,ANTRNKT
untormented	ANTRMNTT
untransmuted	ANTRNSMTT
untruss	ANTRS
ununifiable	ANNFPL
unvauntingly	ANFNTNKL
unvisibleness	ANFSPLNS
unwanton	ANNTN
unwedgeable	ANJPL
unwinsome	ANNSM
unwrap	ANRP
upbreed	APRT
upgirt	APJRT,APKRT
uppent	APNT
upshoulder	APXLTR
uptrill	APTRL
uranometrical	ARNMTRKL
urediniospore	ARTNSPR
urethrocele	AR0RSL,ARTRSL
urluch	ARLK
uropod	ARPT
urushiye	ARX
usuriousness	ASRSNS
utraquism	ATRKSM
vacationist	FKXNST
vage	FJ,FK
valanche	FLNX,FLNK
valleywise	FLS
vanda	FNT
vaporize	FPRS
variole	FRL
vasofactive	FSFKTF
vaulter	FLTR
vegetocarbonaceous	FKTKRPNSS
velociously	FLSSL,FLXSL
venerant	FNRNT
ventose	FNTS
veps	FPS
verdurousness	FRTRSNS
vermilinguial	FRMLNKL
versation	FRSXN
verticomental	FRTKMNTL
vespoid	FSPT
vexable	FKSPL
vicariateship	FKRTXP
vidry	FTR
villagelike	FLJLK,FLKLK
vindicative	FNTKTF
violal	FLL
virginale	FRJNL,FRKNL
visage	FSJ,FSK
visite	FST
vitis	FTS
vivificate	FFFKT
vog	FK
volitionless	FLXNLS
voluted	FLTT
vouge	FJ,FK
vulturelike	FLTRLK
waffle	AFL,FFL
waik	AK,FK
waldhorn	ALTRN,FLTRN
wamp	AMP,FMP
wappenschaw	APNX,FPNXF
warmish	ARMX,FRMX
wasat	AST,FST
wasteproof	ASTPRF,FSTPRF
watermark	ATRMRK,FTRMRK
waving	AFNK,FFNK
weakliness	AKLNS,FKLNS
weathermaker	A0RMKR,FTRMKR
weendigo	ANTK,FNTK
weki	AK,FK
werebear	ARPR,FRPR
whaleboat	ALPT
wheedler	ATLR
whereinto	ARNT
whillilew	ALL,ALLF
whipworm	APRM
whiteboy	ATP
whizziness	ASNS,ATSNS
wickedish	AKTX,FKTX
wigger	AKR,FKR
willock	ALK,FLK
windles	ANTLS,FNTLS
wingman	ANKMN,FNKMN
wirable	ARPL,FRPL
wisigothic	ASK0K,FSKTK
within	A0N,FTN
wocheinite	AXNT,FKNT
womanproof	AMNPRF,FMNPRF
woodhack	ATK,FTK
woolman	ALMN,FLMN
workhoused	ARKST,FRKST
worseness	ARSNS,FRSNS
wrappage	RPJ,RPK
wrinkleless	RNKLLS
wudge	AJ,FJ
xanthochroid	SN0KRT,SNTKRT
xenogeny	SNJN,SNKN
xerostomia	SRSTM
xyloma	SLM
yahooish	AHX
yarak	ARK
yeara	AR
yeomanhood	AMNT
yockel	AKL
youngster	ANKSTR
yuman	AMN
zantiot	SNTT
zeguha	SKH
zeuzera	SSR
ziphius	SFS
zollernia	SLRN
zoogonous	SKNS
zoophysical	SFSKL
zucchetto	SXT
zygopteris	SKPTRS
